{"logdet": -0.11752241849899292, "logdet_SA": 0.22407543659210205, "A": 1.2525535821914673, "B": 0.06312467157840729, "half_out": 0.16567261517047882, "weight_A": 0.007811412680894136, "weight_B": 0.005966457538306713, "weight_Wv_A": 0.00014584045857191086, "weight_Wv_B": -5.7026951253646985e-05, "SA1": 0.014848059043288231, "SA2": 0.0014724158681929111, "_runtime": 30, "_timestamp": 1646042798, "_step": 2001, "_wandb": {"runtime": 31}}