{"logdet": 1.2760462760925293, "logdet_SA": 0.14784568548202515, "A": 1.2005934715270996, "B": -1.053903579711914, "half_out": 5.404582977294922, "weight_A": 0.0077943201176822186, "weight_B": 0.006016271188855171, "weight_Wv_A": 0.00013970088912174106, "weight_Wv_B": -5.8592278946889564e-05, "SA1": 0.020385481417179108, "SA2": -0.0013842061161994934, "_runtime": 36, "_timestamp": 1646048752, "_step": 2489, "_wandb": {"runtime": 1570}}