{"logdet": -0.037545882165431976, "logdet_SA": 0.014667030423879623, "A": 1.0147762298583984, "B": -0.17318043112754822, "half_out": -0.3317752480506897, "weight_A": 0.007950647734105587, "weight_B": 0.006991093046963215, "weight_Wv_A": 0.007618586532771587, "weight_Wv_B": -2.603556822577957e-05, "SA1": 0.99946129322052, "SA2": 0.003018598537892103, "_runtime": 7, "_timestamp": 1646042748, "_step": 1, "_wandb": {"runtime": 13}}