{"logdet": 0.3616512417793274, "logdet_SA": 0.3616512417793274, "A": 1.4357125759124756, "B": -0.048495274037122726, "half_out": -0.23110193014144897, "weight_A": 0.007121289148926735, "weight_B": -0.0013674630317837, "weight_Wv_A": 0.00010784008190967143, "weight_Wv_B": 0.00011825442197732627, "SA1": 0.01359357126057148, "SA2": 0.004699583165347576, "_runtime": 301, "_timestamp": 1646051292, "_step": 23962}