{"logdet": 1.285264015197754, "logdet_SA": 0.15360693633556366, "A": 1.207756519317627, "B": -0.9139772057533264, "half_out": 5.607183933258057, "weight_A": 0.0077943201176822186, "weight_B": 0.006016271188855171, "weight_Wv_A": 0.00013970088912174106, "weight_Wv_B": -5.8592278946889564e-05, "SA1": 0.019416360184550285, "SA2": -0.0010277456603944302, "_runtime": 37, "_timestamp": 1646050900, "_step": 2513, "_wandb": {"runtime": 38}}