{"logdet": 0.006598933599889278, "logdet_SA": 0.006598933599889278, "A": 1.0066208839416504, "B": -0.08819784224033356, "half_out": 0.1116776168346405, "weight_A": 0.00786072388291359, "weight_B": 0.004255154635757208, "weight_Wv_A": 0.007682166527956724, "weight_Wv_B": 5.502770363818854e-05, "SA1": 0.9993475675582886, "SA2": 0.004944855812937021, "_runtime": 7, "_timestamp": 1646038541, "_step": 0, "_wandb": {"runtime": 9}}