{"logdet": -0.1287168562412262, "logdet_SA": 0.2144828736782074, "A": 1.240847110748291, "B": 0.007759883999824524, "half_out": 0.09531904011964798, "weight_A": 0.007792520336806774, "weight_B": 0.006009472068399191, "weight_Wv_A": 0.00013505025708582252, "weight_Wv_B": -5.732684439863078e-05, "SA1": 0.01283237338066101, "SA2": 0.0013260114938020706, "_runtime": 37, "_timestamp": 1646047277, "_step": 2001, "_wandb": {"runtime": 38}}