{"logdet": -0.03754241019487381, "logdet_SA": 0.014668852090835571, "A": 1.0147781372070312, "B": -0.1731281876564026, "half_out": -0.33172279596328735, "weight_A": 0.007950647734105587, "weight_B": 0.006991093046963215, "weight_Wv_A": 0.007618586532771587, "weight_Wv_B": -2.603556822577957e-05, "SA1": 0.9994614124298096, "SA2": 0.0030185638461261988, "_runtime": 8, "_timestamp": 1646043808, "_step": 1, "_wandb": {"runtime": 8}}