{"logdet": -0.25046151876449585, "logdet_SA": -0.25046151876449585, "A": 0.7784997224807739, "B": -0.1495254635810852, "half_out": 0.10652086138725281, "weight_A": 0.006637600250542164, "weight_B": 0.004031593445688486, "weight_Wv_A": 0.0051940553821623325, "weight_Wv_B": 9.153917926596478e-05, "SA1": 0.6842090487480164, "SA2": 0.008093761280179024, "_runtime": 21, "_timestamp": 1646048528, "_step": 30, "_wandb": {"runtime": 24}}